lastname,firstname,userid
Brown,Peter H.,PHBrown001
Feitzinger,Laura,LFeitzinger001
von Richthofen,Manfred Albrecht,MAvonRichthofen001
Windsor,William Arthur Philip Louis,WAWindsor001
Brinch Hansen,Per,PBrinchHansen001
De Villier,Daphne,DDeVillier001
Sanchez Cazares,Vanessa Itzel,VISanchezCazares001
Grant-Ponce,Jamie,JGrant-Ponce001
O'Brian,Brian B.,BBOBrian001
Hines,Betty,BHines001
Chen,Belinda Vanessa,BVChen001
Harrison,Donna,DHarrison001
Valdes,Martha Beryl,MBValdes001
Scheaffer,Claire,CScheaffer001
Young,Tara Margaret,TMYoung001
Jennerjohn,Debra,DJennerjohn001
Durgin,Cynthia Bobbie,CBDurgin001
Fultz,Rosalind,RFultz001
Smith,Bonita Pamala,BPSmith001
Bailey,Judy Sarah Khalilah Mina,JSBailey001
Alvarado,Maria,MAlvarado001
Maldonado,Kathryn Mary,KMMaldonado001
Canton,Christine Stacie,CSCanton001
Cole,Lisa,LCole001
Williams,Melina Melody,MMWilliams001
Foglio,Diane Janice,DJFoglio001
Fields,Melissa Cross,MCFields001
Pappas,Deborah Margaret,DMPappas001
Cheek,Brandi,BCheek001
Brown,Jody Shelley,JSBrown001
Nieves,Sandra Vandyke,SVNieves001
Clark,Imelda Solaiman Marsh,ISClark001
Underwood,Mariana,MUnderwood001
Handy,Marlene Amanda,MAHandy001
Bransky,Dawn Rachael,DRBransky001
Bastian,Stacy Sara,SSBastian001
Perdomo,Frances Fern,FFPerdomo001
Lopez,Heidi Ruocco,HRLopez001
Mccabe,Nancy Lisa,NLMccabe001
Taylor,Lisa,LTaylor001
Kreitz,Adrianne Diedre,ADKreitz001
Davis,Nancy,NDavis001
Fleitas,Katie Carolyn,KCFleitas001
Leach,Kristan Touchton,KTLeach001
Morrell,Anita,AMorrell001
Reynolds,Barbara Jenny,BJReynolds001
Jaeger,Julia Slater,JSJaeger001
Wilcox,Arlene,AWilcox001
Darling,Donna Sarah,DSDarling001
Ruiz,Theresa Dorothy,TDRuiz001
Fletcher,Janie Womble,JWFletcher001
Meneses,Sylvia Mcqueen,SMMeneses001
Stockwell,Nicole Annie,NAStockwell001
Powell,Maria Rebecca,MRPowell001
Herron,Nancy Duckworth,NDHerron001
Rivera,Deborah Margaret,DMRivera001
Day,Irene Major,IMDay001
Friedl,Loraine Peng,LPFriedl001
Rodriguez,Kay Mary,KMRodriguez001
Spangler,Louise Edna,LESpangler001
Marks,Karen Brandy,KBMarks001
Scoggin,Maria Peggy,MPScoggin001
Bartel,Guadalupe,GBartel001
Baxter,Jeannette,JBaxter001
Dumire,Edith,EDumire001
Serrano,Diana Daniel,DDSerrano001
Golden,Patricia Hoa,PHGolden001
Savage,Mary Teresa,MTSavage001
Graham,Verla Johnson,VJGraham001
Christopher,Katie Marilyn,KMChristopher001
Valenta,Jeanette,JValenta001
Beard,Ossie Urban,OUBeard001
Lamour,Tonya,TLamour001
Houser,Martha Walton,MWHouser001
Failla,Tammara Rebecca,TRFailla001
Bang,Margarita Irene,MIBang001
Landa,Brandy Steele,BSLanda001
Connor,Eula Vera Allyson,EVConnor001
Unruh,Gloria Margaret,GMUnruh001
Walsh,Sheila Deborah,SDWalsh001
Lamere,Betty Carrol,BCLamere001
Lee,Marjorie Mary,MMLee001
Contreras,Martha Lewis,MLContreras001
Huff,Maricela Rita,MRHuff001
Saul,Mamie,MSaul001
Bowling,Frances,FBowling001
Laughlin,Andrea,ALaughlin001
Arguello,Orpha Marlyn,OMArguello001
Day,Ruth Flo,RFDay001
Bross,Aretha Betty,ABBross001
Velasco,Stephanie,SVelasco001
Thompson,Heather,HThompson001
Bonds,Latoria,LBonds001
Combs,Mary Nicole,MNCombs001
Chick,Cathrine Lozano,CLChick001
Hall,Diane Brunilda,DBHall001
Harman,Rhonda Jones,RJHarman001
Wright,Bonnie Tamara,BTWright001
Brannan,Amber Jenna,AJBrannan001
Kowalick,Amelia Tinney,ATKowalick001
Tisdale,Lori Hadley,LHTisdale001
Hamilton,Angela Angela,AAHamilton001
Gitomer,Carmelita,CGitomer001
Cooke,Cindy,CCooke001
Mendoza,Eva,EMendoza001
Cortez,Paula Judith,PJCortez001
Honaker,Sherrell Johnston,SJHonaker001
Escoto,Valerie Amy,VAEscoto001
Mossing,Maria,MMossing001
Flores,Dia Jacqueline,DJFlores001
Laporte,Jennifer Paula,JPLaporte001
Herrera,Frances,FHerrera001
Chavez,Cindy Cynthia,CCChavez001
Tello,Lori Difilippi,LDTello001
Fleenor,Teresa,TFleenor001
Overstreet,Vivian,VOverstreet001
Hunt,Dorothy Debra,DDHunt001
Salma,Jewel Gina,JGSalma001
Sullivan,Gloria Laura,GLSullivan001
Moore,Jamie Jill,JJMoore001
Daniels,Miranda,MDaniels001
Reece,Fannie Linda,FLReece001
Champlin,Rosalie Chatham,RCChamplin001
Galea,Shirley Irene,SIGalea001
Aguirre,Jill Doreen Sharon Carmen,JDAguirre001
Howard,Lyndia Peterson,LPHoward001
Noti,Arlene,ANoti001
Aschenbrenner,Susan Jeanine,SJAschenbrenner001
Dang,Elizabeth Kathryn,EKDang001
Sebo,Lannie,LSebo001
Avery,Audrey Frances,AFAvery001
Schindler,Ernestine Williams,EWSchindler001
Burke,Maria,MBurke001
Carter,Hilda Boettcher,HBCarter001
Bordeaux,Rosanne Ashley,RABordeaux001
Winter,Tricia Linette,TLWinter001
Davidson,Adele Rhonda,ARDavidson001
Urbanski,Kathleen Abigail,KAUrbanski001
Yarbro,Angelique Deborah,ADYarbro001
Dorre,Jody,JDorre001
Willie,Vanessa Alicia,VAWillie001
Knutson,Tamara,TKnutson001
Seville,Noemi Mahoney,NMSeville001
Trapp,Almeda,ATrapp001
Laurie,Lucinda Sandlin,LSLaurie001
Price,Angela Tolly,ATPrice001
Bickmore,Theresa Victoria Jean Christina,TVBickmore001
Haas,Lisa,LHaas001
Ramirez,Judy Lefor,JLRamirez001
Ramirez,Rebecca Kumar Gonzalez,RKRamirez001
Tasker,Viva Tara,VTTasker001
Simmons,Jenny Gang,JGSimmons001
Hall,Kimberly Bonny,KBHall001
Dominguez,Marjorie,MDominguez001
Russell,Celia Betty,CBRussell001
Hemenway,Madge Hirzel,MHHemenway001
Malloy,Amelia,AMalloy001
Williams,Sharon Latasha,SLWilliams001
Damore,Virginia,VDamore001
Stockdale,April,AStockdale001
Deguzman,Wendi Ann,WADeguzman001
Jordan,Mary Garwood Deese,MGJordan001
Bennett,Bobbi,BBennett001
Steely,Kathleen Erin,KESteely001
Scofield,Hannah,HScofield001
Kalka,Lula Willie,LWKalka001
Oshea,Robin Hicks,RHOshea001
Gaston,Patricia Bolan,PBGaston001
Mardesich,Brenda Malone,BMMardesich001
Whitmire,Corinne Donna,CDWhitmire001
Goodale,Maureen,MGoodale001
Kender,Lynda Melissa,LMKender001
Whitaker,Katherine Linda,KLWhitaker001
Decker,Juanita Cantu,JCDecker001
Chughtai,Isabel Kendra,IKChughtai001
Sanchez,Robin Ada,RASanchez001
Gross,April Michelle,AMGross001
Clark,Lillie Mcelhaney,LMClark001
King,Kelley,KKing001
Lehman,Carolyn Marjorie Arlene,CMLehman001
Beauchamp,Evelyn Anne,EABeauchamp001
Landsberg,Wendy Thurber,WTLandsberg001
Barrientos,Anne Rose,ARBarrientos001
Andrade,Michelle,MAndrade001
Shropshire,Hilda Deloris,HDShropshire001
Pittman,Delores,DPittman001
Benne,Deloris,DBenne001
Tunney,Alice Shaner,ASTunney001
Sanders,Cindi Gamez,CGSanders001
Lavender,Mary Patsy,MPLavender001
Anaya,Jo Angie,JAAnaya001
Southern,Dena Shelly,DSSouthern001
Weeks,Esther Sheila,ESWeeks001
Vanbruggen,Billie Rhonda Wendy Johnnie,BRVanbruggen001
Swenson,Tammi Williams,TWSwenson001
Hinojos,Beverly Dea,BDHinojos001
Mejia,Nina,NMejia001
Yurk,Jane Galli,JGYurk001
Diaz,Cynthia Josephine,CJDiaz001
Xiong,Erin,EXiong001
Youngs,Mary Hacker,MHYoungs001
Vasquez,Lindsay Qualls,LQVasquez001
Cruz,Barbara,BCruz001
Delapaz,Joan Francisca,JFDelapaz001
Richardson,Patricia Heather,PHRichardson001
Wilches,Sheena Frances,SFWilches001
Smith,Erika,ESmith001
Steiner,Cassie,CSteiner001
Desai,Dorothy Jennifer,DJDesai001
Tarkenton,Shannon Gerle,SGTarkenton001
Edrington,Eloisa Susanna,ESEdrington001
Soper,Vicky Maria,VMSoper001
Lambert,Madie Cody,MCLambert001
Sykes,Christie,CSykes001
Ayala,Mary Zeidan,MZAyala001
Johnson,Jimmie Glass,JGJohnson001
Funches,Susie Nicole,SNFunches001
Champion,Brandy Mignon,BMChampion001
Gatica,Pearl Minter,PMGatica001
Jaurequi,Brenda Ritter,BRJaurequi001
Lansford,Tonya,TLansford001
Sangster,Shirley Eula,SESangster001
Sinatra,Pamela,PSinatra001
Baldwin,Raven Alice,RABaldwin001
Banks,Enid,EBanks001
Lim,Jacqueline Doty,JDLim001
Bossert,Shannon,SBossert001
Bennett,Anne,ABennett001
Law,Bobbi Cassandra,BCLaw001
Thompson,Gail,GThompson001
Nelson,Sandra Mildred,SMNelson001
Thomas,Jody Gerhauser,JGThomas001
Helton,Marie Yolonda,MYHelton001
Gohn,Elaine Regina,ERGohn001
Warren,Florence,FWarren001
Garcia,Frances Bertha,FBGarcia001
Carter,Janice,JCarter001
Kaplan,Lucy Kathryn,LKKaplan001
Dehaven,Berenice Campbell,BCDehaven001
Mark,Angela Lakisha,ALMark001
Paton,Brenda Stephanie,BSPaton001
Woods,Wanda Cindy,WCWoods001
Tepsic,Donnette Carolyn,DCTepsic001
Crandall,Sanjuanita Debra,SDCrandall001
Judon,Margarita Bermudez,MBJudon001
Novotny,Genevieve Stille,GSNovotny001
Richter,Doris Mellon,DMRichter001
Ponder,Natalie Louise,NLPonder001
Sheffler,Mildred Ruby,MRSheffler001
Alami,Georgia Mcgill,GMAlami001
Pearson,Amber Valerie,AVPearson001
Anderson,Shelley Virginia,SVAnderson001
Smith,Janette Pamela,JPSmith001
Margolis,Sylvia,SMargolis001
Strong,Elizabeth Essie,EEStrong001
Martinez,Sylvia Luke,SLMartinez001
Divito,Carol Jennifer,CJDivito001
Levinson,Anne,ALevinson001
Williams,Mary June Donna Tabitha,MJWilliams001
Bias,Sarah,SBias001
Hardcastle,Helen Lisa,HLHardcastle001
Davis,Dixie Joseph,DJDavis001
Kalkbrenner,Jennifer Jamie,JJKalkbrenner001
Perez,Georgia Frances,GFPerez001
Ross,Beverly Theresa,BTRoss001
Beernink,Beth Lourdes,BLBeernink001
Edwards,Terri Martinez Rosado,TMEdwards001
Jefferson,Beth Janelle,BJJefferson001
George,Isabella Edna,IEGeorge001
Aleman,Bonnie,BAleman001
Roth,Dorothea Gardner,DGRoth001
Brown,April Eleanor,AEBrown001
Girvin,Rebecca Josette Rita,RJGirvin001
Brummer,Erna Zaragoza,EZBrummer001
Drawdy,Fay Wright,FWDrawdy001
Hust,Susan Mable,SMHust001
Houston,Anna Humphrey,AHHouston001
Felton,Ivelisse Lisa,ILFelton001
Williams,Mari,MWilliams001
Tuttle,Meggan,MTuttle001
Navarrete,Eunice Deborah,EDNavarrete001
Evans,Maria Caprice,MCEvans001
Lemke,Kathleen Alisha,KALemke001
Hensley,Sarah,SHensley001
Perkins,Lindsey Pearline,LPPerkins001
Deleon,Katrina Vashti,KVDeleon001
Mcnally,Christine Leah,CLMcnally001
Romanow,Sabina Patsy,SPRomanow001
Adams,Theda Lynne,TLAdams001
Aguilar,Melissa Candance,MCAguilar001
Thorpe,Melissa Gertrude,MGThorpe001
Hanson,Brenda,BHanson001
Matus,Susan,SMatus001
Briggs,Nidia Victoria,NVBriggs001
Lawrence,Kathleen,KLawrence001
Diaz,Nanette Torres,NTDiaz001
Tamez,Jessica Amiee,JATamez001
Resendez,Sharla Ruby,SRResendez001
Ross,Audrey Gladys,AGRoss001
Hare,Susan Mcleod Viehweg,SMHare001
Balter,Dana Lisa,DLBalter001
Byrd,Mary Patrica,MPByrd001
Ludwig,Amy Martha,AMLudwig001
West,Lawanda Moore,LMWest001
Ortiz,Billie,BOrtiz001
Mendez,Frances Leticia,FLMendez001
Smith,Jenny Peters,JPSmith001
Cohen,Gladys Jeannette,GJCohen001
Keil,Paula Novick,PNKeil001
Cascio,Kara Hudson,KHCascio001
Avalos,Haydee Oliva,HOAvalos001
Yanpelt,Carol Carmen,CCYanpelt001
Richter,Sonia Andrea,SARichter001
Diangelo,Jill Nancy,JNDiangelo001
Sloat,Miriam Marie,MMSloat001
Girvan,Beverly Spillane,BSGirvan001
Licata,Ruby Edith,RELicata001
Dulin,Ronni Peterson,RPDulin001
Leopard,Virginia Rachel Claudia Antoinette,VRLeopard001
Littledog,Margaret Helen,MHLittledog001
Gutierrez,Lisa Arlene Lillian,LAGutierrez001
Lopez,Madeline Charolette,MCLopez001
Sollecito,Mary,MSollecito001
Spencer,Phyllis Bebe,PBSpencer001
Yoo,Marya Rauch,MRYoo001
Hodson,Sherry,SHodson001
Bishop,Marie Erin,MEBishop001
Conner,Edith Paz,EPConner001
Lagrange,Maureen Childs,MCLagrange001
Russell,Marie,MRussell001
Spivey,Sadie Sylvia,SSSpivey001
Martin,Sarah,SMartin001
Martinez,Freda Conn,FCMartinez001
Mcdonnell,Nadine,NMcdonnell001
Lambert,Gail Iadicicco,GILambert001
Lam,Virginia,VLam001
Massey,Mary Dunlavy Landry,MDMassey001
Ramos,Janet Edith,JERamos001
Rios,Jean Mcstoots,JMRios001
Kirst,Rosetta,RKirst001
Saine,Stephanie Valeria,SVSaine001
Spicer,Alice Mary,AMSpicer001
Lloyd,Debra Dinah,DDLloyd001
Rhodes,Lauren Mitchell,LMRhodes001
Webb,Kimberly Linda,KLWebb001
Taylor,Nelda Jill,NJTaylor001
Widmer,Mavis Hazel,MHWidmer001
Aaron,Gail Christine,GCAaron001
English,Cindy Deal,CDEnglish001
James,Cinthia Alyce,CAJames001
Leblanc,Rita Janie,RJLeblanc001
Lalonde,Lisa Grau,LGLalonde001
Almazan,Christy Brittney,CBAlmazan001
Reardon,Carole Alice,CAReardon001
Mason,Tammy Marita,TMMason001
Matta,Catherine Edith,CEMatta001
Mims,Sandra Pamela,SPMims001
Riffle,Christian,CRiffle001
Ashley,Mary Margaret,MMAshley001
Canela,Kimberly Lanning,KLCanela001
Smith,Mary,MSmith001
Sundquist,Phyllis Merle,PMSundquist001
Mulholland,Dalia Mitchell,DMMulholland001
Pierson,Ethel Janet,EJPierson001
King,Amanda Elizabeth,AEKing001
Chambless,Deidra Hinojosa,DHChambless001
Carter,Winifred Laura,WLCarter001
Hall,Delcie Leona,DLHall001
Mullens,Jodi Stephanie,JSMullens001
Davenport,Paula Gloria,PGDavenport001
Craig,Ruby Alethia,RACraig001
Vera,Virginia,VVera001
Dyer,Krystal Laurie,KLDyer001
Lane,Jody,JLane001
Bustamante,Michele Sandra,MSBustamante001
Krause,Evelyn,EKrause001
Kelly,Yvette Miriam,YMKelly001
Barber,Kimberly Margaret Lisa Debra,KMBarber001
Manning,Megan Tiffani,MTManning001
Schrack,Violet Tiffany,VTSchrack001
Hudson,Gena Kinsey,GKHudson001
Gale,Kathryn Alexis,KAGale001
Holt,Youlanda Kim,YKHolt001
Barnwell,Rosemarie Crystal,RCBarnwell001
White,Lynn Sandra,LSWhite001
Gilliland,Darlene Kathleen,DKGilliland001
Medrano,Pam,PMedrano001
Kim,Chae Janis,CJKim001
Wilkins,Rose Garcia,RGWilkins001
Boles,Phyllis Baptista,PBBoles001
Previti,Mary Marlene,MMPreviti001
Stamps,Nicole Robertson,NRStamps001
Pescatore,Betty,BPescatore001
Putterman,Tasha Janet,TJPutterman001
Espitia,Lucille,LEspitia001
Mabey,Kelli Desantiago Mccarty,KDMabey001
Osio,Idella,IOsio001
Willett,Ernestine,EWillett001
Abbe,Doris Fischer,DFAbbe001
Satterlee,Melissa Rose,MRSatterlee001
Drake,Racquel Janice,RJDrake001
Flynn,Susie Scarborough,SSFlynn001
Converse,Janel Jean,JJConverse001
Berland,Evelyn Jennifer,EJBerland001
Witt,Tracie Betty,TBWitt001
Connell,Alison Dana,ADConnell001
Heath,Mary,MHeath001
Floyd,Ashley Levine,ALFloyd001
Watters,June Katharine,JKWatters001
Oglesby,Mary Wendy,MWOglesby001
Moore,Crystal Marcella,CMMoore001
Figueroa,Natalie Betty,NBFigueroa001
Moulton,Michelle,MMoulton001
Hall,Agnes Becky,ABHall001
Betancourt,Joyce Angela,JABetancourt001
Garris,Juanita Eadon,JEGarris001
Garvin,Bessie Gayle,BGGarvin001
Wheelock,Arlene Brenda,ABWheelock001
Duffin,Patricia Phelps,PPDuffin001
Costa,Marina Tanya,MTCosta001
Deal,Juanita Heilig,JHDeal001
Langel,Sunday Mary,SMLangel001
Nickles,Ophelia Darcy,ODNickles001
Birkholz,Rhonda Kathy,RKBirkholz001
Spriggs,Ophelia Pamela Patricia,OPSpriggs001
Membreno,Tami Hazel,THMembreno001
Milburn,Sarah Gladys,SGMilburn001
Hamm,Lillie Angelillo,LAHamm001
Law,Denice,DLaw001
Mendez,Theresa Schulman,TSMendez001
Nunez,Louise Katherine,LKNunez001
Gulseth,Laurie Berg,LBGulseth001
Romero,Ann Quast,AQRomero001
Lipton,Michelle Clavin,MCLipton001
Glosson,Mona Ubinas,MUGlosson001
Ruiz,Sue,SRuiz001
Cradit,Robyn Hawkins,RHCradit001
Mccarty,Shanta Ribeiro,SRMccarty001
Whitacre,Lena Sheldon,LSWhitacre001
Martin,Karen Jennifer,KJMartin001
Rhymer,Sandra Ann,SARhymer001
Kiser,Angel Martha,AMKiser001
Roper,Joan Zaragoza,JZRoper001
Brown,Carmela Glazier,CGBrown001
Jorge,Marita Anna,MAJorge001
Valadez,Ellen,EValadez001
Randall,Lisa Montano,LMRandall001
Newsome,Priscilla,PNewsome001
Downey,Doris,DDowney001
Dyson,Henrietta Florence,HFDyson001
Curry,Lorraine Gill,LGCurry001
Carter,Deborah Henry,DHCarter001
Holmes,Lula Emma,LEHolmes001
Procell,Jennifer Jane Ursula,JJProcell001
Snyder,Dana,DSnyder001
Reeve,Shari Dora,SDReeve001
Moynahan,Dana,DMoynahan001
Rogers,Yolanda Johnnie,YJRogers001
Futch,Jennifer,JFutch001
Fryer,Joann Rodriguez,JRFryer001
Williams,Lori Sarah,LSWilliams001
Stockton,Mildred,MStockton001
Bernath,Nicole Dorothy,NDBernath001
Westbrook,Niesha Ruth,NRWestbrook001
Barber,Mabel Irene,MIBarber001
Mack,Jeannette Helga,JHMack001
Phalin,Valerie Miller,VMPhalin001
Barnett,Rochelle,RBarnett001
Chin,Nichole Annette Vernell Kristi,NAChin001
Harper,Samantha Faith,SFHarper001
Gilliland,Margaret Peggy,MPGilliland001
Lee,Jane Strickler,JSLee001
Thibeault,Veronica Tammy,VTThibeault001
Kampa,Susan Stegall Lucas,SSKampa001
Kelly,Penny Bonnie,PBKelly001
Phillips,Catherine Jeannie,CJPhillips001
Smith,Jamie Richards,JRSmith001
Rosen,Vivian Alicia,VARosen001
Gettle,Zada Andrea,ZAGettle001
Thulin,Marion Martha,MMThulin001
Pollard,Jennie,JPollard001
Christner,Helen Linda,HLChristner001
Morrissey,Nancy Munoz,NMMorrissey001
Vasquez,Shaquita Mary,SMVasquez001
Bates,Fannie Mary,FMBates001
Wright,Kimberly Cindy,KCWright001
Curran,Dorothy Stephens,DSCurran001
Lewis,Erin Alma,EALewis001
Delio,Gwendolyn Marlow,GMDelio001
Mcdaniel,Louise Marie,LMMcdaniel001
Sanders,Sandra Mary,SMSanders001
Ellison,Patricia Mayra,PMEllison001
Leath,Marilyn,MLeath001
Andrews,Florence,FAndrews001
Goldman,Whitney Stacy,WSGoldman001
Braddock,Felicia,FBraddock001
Pendleton,Amanda,APendleton001
Patterson,Carrie,CPatterson001
Kramer,Theresa Tammy,TTKramer001
Parham,Ethel Shirley,ESParham001
Simmers,Tammy Sally,TSSimmers001
Tarver,Sarita Marquardt,SMTarver001
Rivera,Suzanne,SRivera001
Hella,Sarah Elizabeth,SEHella001
Garcia,Jacqueline Evans,JEGarcia001
Villa,Eleanor,EVilla001
Flyer,Elizabeth,EFlyer001
Edwards,Evelyn Virginia,EVEdwards001
Winston,Kathryn Elizabeth,KEWinston001
Higashi,Sheila,SHigashi001
Vaughn,Cheryl Mckelvey,CMVaughn001
Weber,Brenda Lauren,BLWeber001
Morris,Jessica Terri,JTMorris001
Moore,Shanika Roxanne,SRMoore001
Wambold,Cheryl Radomski,CRWambold001
Day,Lisa,LDay001
Shane,Natalie Kasuboski,NKShane001
Goewey,Amber,AGoewey001
Carlson,Hannah Hermine,HHCarlson001
Jerome,Christa Wilma,CWJerome001
Archambault,Julie Mathewson,JMArchambault001
Allbritton,Heather Lucy,HLAllbritton001
Baillie,Ethel Nancy,ENBaillie001
Brown,Peggy Dagmar,PDBrown001
Brandenburg,Meghan Sandra,MSBrandenburg001
Boyd,Bobbie Margaret,BMBoyd001
Love,Tracey Fredda,TFLove001
Morris,Kathy,KMorris001
Brown,Wanda,WBrown001
Halvorsen,Agnes Mary,AMHalvorsen001
Hoskin,Lynn Mckennon,LMHoskin001
Stratton,Mary Alyssa Katrina,MAStratton001
Connolly,Amanda,AConnolly001
Johnson,Sharon,SJohnson001
Casas,Geneva Hoehn,GHCasas001
Lindenmeyer,Aline,ALindenmeyer001
Atkins,Petra,PAtkins001
Kendall,Julie Vikki,JVKendall001
Sellers,Kimberly Ray,KRSellers001
Driscoll,Mary Brianna,MBDriscoll001
Schechter,Tina Lena,TLSchechter001
Hobart,Kelly Marcy,KMHobart001
Nelson,Mildred Reina,MRNelson001
Esqueda,Deann Mary,DMEsqueda001
Lamirande,Margaret Stacy,MSLamirande001
Figueroa,Jamie,JFigueroa001
Jordan,Amy Barbara,ABJordan001
Morrison,Andrea Harriett,AHMorrison001
Thomas,Christine Nancy,CNThomas001
Abadi,Jacqueline Joyce,JJAbadi001
Montgomery,Samantha Baumer,SBMontgomery001
Ragan,Edwina Phyllis,EPRagan001
Fernandez,Susanne Katherine,SKFernandez001
Breslin,Elizabeth,EBreslin001
Mckee,Stacy Bender,SBMckee001
Matar,Jonell Kanaley,JKMatar001
Kuhn,Rosita Smith,RSKuhn001
Hampton,Andra Dubois,ADHampton001
Arakaki,Mabel,MArakaki001
Rosinski,Francis Lucky,FLRosinski001
Truitt,Amy Latasha,ALTruitt001
Brown,Linda Edna,LEBrown001
Esparza,Clara Janet,CJEsparza001
Riehle,Carol Magnan,CMRiehle001
Hernandez,Willie Joan,WJHernandez001
Miller,Joyce Selena,JSMiller001
Lara,Jennifer Toni,JTLara001
Sears,Teresa Megan,TMSears001
Smith,Ellen Mary,EMSmith001
Garland,Cora Betty,CBGarland001
Fulton,Katharine Marquez,KMFulton001
Rindone,Amanda Mary,AMRindone001
Behan,Dee Kelly,DKBehan001
Hale,Cynthia,CHale001
Paladino,Ann,APaladino001
Jackson,Charlotte Sum,CSJackson001
Gouge,Ann John,AJGouge001
Besant,Cristi Drayer,CDBesant001
Moore,Pearl Shane,PSMoore001
Vonholt,Denise Marian,DMVonholt001
Minson,Marion Precht,MPMinson001
Ahearn,Willa Karen,WKAhearn001
Davis,Diana Betty,DBDavis001
Lebrun,Mary Doris,MDLebrun001
Wilson,Sharon Jacqueline,SJWilson001
Sims,Deborah Kathleen Amber,DKSims001
Bell,Rachel Smith,RSBell001
Le,Beatrice,BLe001
Lucero,Jennifer April Ella,JALucero001
Combs,Judith Clare,JCCombs001
Belfor,Jacqueline Reiner,JRBelfor001
Teckenbrock,Ginger Terry,GTTeckenbrock001
Perrone,Sheryl,SPerrone001
Homan,Caridad Ina,CIHoman001
Bourdeau,Candace Damaris,CDBourdeau001
Wright,Nikki Geraldine,NGWright001
Dizon,Diana Camille,DCDizon001
Mccoggle,Donna Woodyard,DWMccoggle001
Kohn,Paula,PKohn001
Putzier,Judith Susann,JSPutzier001
Lee,Mary,MLee001
Guyon,Lisa,LGuyon001
Smith,Stephanie,SSmith001
Gaytan,Sandra Inez,SIGaytan001
Gardner,Marcella Sharp,MSGardner001
Garcia,Jennifer Paula,JPGarcia001
Shelton,Patricia Jean,PJShelton001
Novak,Fran Corinne,FCNovak001
Collins,Colleen,CCollins001
Whalen,Brandy Rubio,BRWhalen001
Ramirez,Venessa Rodriguez,VRRamirez001
Delapaz,Rana Mckenna,RMDelapaz001
Edwards,Carolyn Row,CREdwards001
Dizon,Barbara Cindy,BCDizon001
Horath,Betty Julia,BJHorath001
Bogan,Crystal Marisa,CMBogan001
Madden,Tanya Carol,TCMadden001
Villanueva,Erika Lastine,ELVillanueva001
Jang,Marie Kimberly,MKJang001
West,Leslie Coleman,LCWest001
Codling,Sandy Donna,SDCodling001
Blea,Marilyn Smelser,MSBlea001
Kim,Tina Helen,THKim001
Zeng,Linda Linda,LLZeng001
Ellis,Leona Rashad,LREllis001
Byl,Becky Terry,BTByl001
Goodwine,Joyce,JGoodwine001
Darnell,Teri Florence,TFDarnell001
Chan,Karen Pamela,KPChan001
Yamat,Edna Ruth,ERYamat001
Nasser,Alice,ANasser001
Rosenthal,Margaret,MRosenthal001
James,Dorothy Percy,DPJames001
Wilson,Angela,AWilson001
Long,Erin Vanfossan,EVLong001
Wheatley,Maude Julie Katie Dianne,MJWheatley001
Barnes,Wendy Regina,WRBarnes001
Le,Leah Mary,LMLe001
Denight,Brenda Zita,BZDenight001
Carbajal,Tamara,TCarbajal001
Tanner,Frances,FTanner001
Siemer,Penny Barbara,PBSiemer001
Mottern,Lena Nicole,LNMottern001
Calvert,Deborah Dawn,DDCalvert001
Mcrae,Donna,DMcrae001
Hosseini,Catherine Navarro,CNHosseini001
Heffler,Bertha Rosie,BRHeffler001
Erickson,Phyllis,PErickson001
Hampton,Patricia Erica,PEHampton001
Marcus,Merlene,MMarcus001
Marquez,Angela Kauffmann,AKMarquez001
Gordin,Chris,CGordin001
Lavigna,Christina Vicky,CVLavigna001
Mcgarry,Jennie,JMcgarry001
Natale,Antonia Patricia,APNatale001
Findley,Lauren,LFindley001
Alvarado,Chloe,CAlvarado001
Perry,Myrtis Vivian,MVPerry001
Mccall,Brenda Kayla,BKMccall001
Kirschenbaum,Kelly Brass,KBKirschenbaum001
Wagner,Jean Seltzer,JSWagner001
Newberry,Heather Sarah,HSNewberry001
Wilson,Melissa Maria,MMWilson001
Lenard,Celina Elliott,CELenard001
Hinkle,Diana Li,DLHinkle001
Brownlie,Helen,HBrownlie001
Richardson,Margaret Torres,MTRichardson001
Delgado,Ashley Ashley,AADelgado001
Walls,Michelle Theressa,MTWalls001
Comins,Kandice Tammy,KTComins001
Gann,Regina,RGann001
Rivera,Victoria Jefferson,VJRivera001
Goff,Nancy Marcia,NMGoff001
Niles,Carolyn Shannon,CSNiles001
Stainbrook,Melinda Shirley,MSStainbrook001
Hilton,Heidi,HHilton001
Dimauro,Shirley Bobbie,SBDimauro001
Lankford,Dawn Jeanne,DJLankford001
Young,Caroline Theresa,CTYoung001
Mcdaniel,Maria Catherine,MCMcdaniel001
Cole,Lena Snow,LSCole001
Distefano,Sarah Samantha,SSDistefano001
Ramirez,Deborah Wava,DWRamirez001
Vizcarra,Sharon Cook,SCVizcarra001
Nagle,Fredia Kingsland,FKNagle001
Meunier,Dora,DMeunier001
Chavez,Brunilda Hale,BHChavez001
Coffey,Sara Macdonald Knight,SMCoffey001
Comer,Clara Patricia,CPComer001
Robertson,Annie Aurora,AARobertson001
Pulliam,Yvette Mack,YMPulliam001
Jasper,Mary Lasala,MLJasper001
Beaver,Lydia,LBeaver001
Patterson,Velma Helen,VHPatterson001
Mcnally,Rosa,RMcnally001
Weems,Patricia Weathers,PWWeems001
Rosebush,Mary West,MWRosebush001
Debo,Marie Betty,MBDebo001
Gorbea,Kimberly Marie,KMGorbea001
Aguilar,Pamela Sharon,PSAguilar001
Batres,Margaret Nikole Nina Juanita,MNBatres001
Holdgate,Maria,MHoldgate001
Altman,Kathleen,KAltman001
Caldwell,April,ACaldwell001
Romeo,Marilyn Sandra,MSRomeo001
Huston,Vera Helen,VHHuston001
Pedretti,Yvonne,YPedretti001
Winkler,Winifred Winifred,WWWinkler001
Adams,Barbara Dykhuis,BDAdams001
Dobbins,Jayne Brenda,JBDobbins001
Hosking,Goldie Maria,GMHosking001
Friessen,Cynthia Ruth,CRFriessen001
Serrano,Barbara Kristin,BKSerrano001
Reeder,Cameron Betty,CBReeder001
Parmer,Annemarie Bentley,ABParmer001
Scott,Ann Melendez,AMScott001
Glennon,Kristine Janice,KJGlennon001
Johnson,Donna Harwood,DHJohnson001
Bett,Norma Button,NBBett001
Howard,Velma Huang,VHHoward001
Stovall,Linda Christie,LCStovall001
Mcclain,Idella Jean,IJMcclain001
Carson,Frankie Cheryl,FCCarson001
Robert,Pamela Turner,PTRobert001
Jaime,Christine Essie,CEJaime001
Massung,Nancy,NMassung001
Garcia,Margaret Julia Lillian,MJGarcia001
Fitzgerald,Robin Jean,RJFitzgerald001
Parrish,Nancy Combs,NCParrish001
Portillo,Lucia Alexis,LAPortillo001
Loughran,Allene Blythe,ABLoughran001
Jimenez,Sylvia Dorothy,SDJimenez001
Devane,Cindy Espinoza,CEDevane001
Laswell,Beatrice Lori,BLLaswell001
Goss,Ashleigh Jacqueline,AJGoss001
Hopkins,Cindy,CHopkins001
Ware,Maria,MWare001
Morris,Kathleen Patricia,KPMorris001
Ivey,Willa Ami,WAIvey001
Kurtz,Elizabeth Christine,ECKurtz001
Zimmer,Theresa Shirley,TSZimmer001
Valdez,Rebecca Ruth,RRValdez001
Manriquez,Julia Ruth,JRManriquez001
Black,Karen Leslie,KLBlack001
Hart,Lottie Violeta,LVHart001
Johnson,Kathleen,KJohnson001
Toalson,Dorothy,DToalson001
Dennis,Kathleen Jennie,KJDennis001
Gamble,Florine Diana,FDGamble001
Bishop,Judith,JBishop001
Atwood,Betty,BAtwood001
Aguilar,Suzette Barbara,SBAguilar001
Pharis,Susan Alice,SAPharis001
Mcdonald,Mildred,MMcdonald001
Drayton,Dolores Joan,DJDrayton001
Jones,Tara Bohart,TBJones001
Young,Winnie,WYoung001
Gomes,Joanna Agnes,JAGomes001
Matsen,Martha Garnett,MGMatsen001
Finney,Krista Tammy,KTFinney001
Gonzalez,Elaine Carofano,ECGonzalez001
Zimmerman,Patricia Peggy,PPZimmerman001
Martin,Joanne,JMartin001
Johnston,Rachel Sheahan,RSJohnston001
Long,Katherine Danielle,KDLong001
Meyer,April Lisa,ALMeyer001
Mitchell,Harriet,HMitchell001
Marvin,Betsy Rebecca,BRMarvin001
Thompson,Angeline Marcelina,AMThompson001
Baron,Harriet Torri,HTBaron001
Rosenberg,Arvilla,ARosenberg001
Salgado,Maryanne,MSalgado001
Lucas,Margaret Tudor,MTLucas001
Nowland,Mei Angelika,MANowland001
Straka,Marlyn Ruth,MRStraka001
Kobrick,Leah Marlene,LMKobrick001
Lloyd,Ann Leticia,ALLloyd001
Gibbons,Louise Shirley,LSGibbons001
Olsen,Shelby,SOlsen001
Velasquez,Frances Annette,FAVelasquez001
Green,Gabriele Daugherty,GDGreen001
Westlund,Amy Derrick,ADWestlund001
Wise,Gigi Reese,GRWise001
Brown,Joni Gomez,JGBrown001
Harlin,Emily Mcgrath,EMHarlin001
Richie,Debra Patricia,DPRichie001
Youngblood,Jennifer Scott,JSYoungblood001
Encke,Ida Cropper,ICEncke001
Hickson,Patricia Jane,PJHickson001
Laskowski,Cecilia Lori,CLLaskowski001
Johnson,Jennifer Schaller,JSJohnson001
Leblanc,Amie Edna,AELeblanc001
Hoffman,Alicia Eileen,AEHoffman001
Durham,Santos Monique,SMDurham001
Kirkes,Amber Irene,AIKirkes001
Hood,Christine,CHood001
Martinez,Tonya Wheeler,TWMartinez001
Kleppe,Faye Gonzalez,FGKleppe001
Macias,Brenda,BMacias001
Grundy,Shannon Linda,SLGrundy001
Dowdy,Jaime Debra,JDDowdy001
Brandon,Joanne Linda,JLBrandon001
Behning,Lauretta Miller,LMBehning001
Rodriguez,Patsy Jane,PJRodriguez001
Sicola,Dolores Mary,DMSicola001
Hamm,Jody,JHamm001
Gibson,Tanya Richerson,TRGibson001
Luebbers,Gladys,GLuebbers001
Drzewiecki,Toni Carol,TCDrzewiecki001
Rivers,Mae,MRivers001
Alvarez,Lashawn Brenda,LBAlvarez001
Llamas,Lisa Judith,LJLlamas001
Rosas,Mitsuko Allison,MARosas001
Munroe,Kelly Kaufman,KKMunroe001
Miller,Sherryl Rubye,SRMiller001
Whalen,Marie Christine,MCWhalen001
Muratalla,Bonny Dorothy,BDMuratalla001
Galemore,Catherine Deborah,CDGalemore001
Ballard,Sherri,SBallard001
Igleheart,Tami Carla,TCIgleheart001
Congdon,Constance Wilson,CWCongdon001
Mcarthur,Katie Ray,KRMcarthur001
Kephart,Jamie Leisa,JLKephart001
Reatherford,Doris,DReatherford001
Radick,Judy Amelia,JARadick001
Poe,Dianne Rachael,DRPoe001
Duran,Malika Iva,MIDuran001
Tankersley,Cynthia,CTankersley001
Luck,Debbie Mary,DMLuck001
Intriago,Kyong Hamby,KHIntriago001
Connolly,Catherine Mary,CMConnolly001
Buckel,Karen Laura,KLBuckel001
Lundi,Phyllis Margaret,PMLundi001
Fundora,Deanna,DFundora001
Ma,Margaret Dhaliwal,MDMa001
Jordan,Audra,AJordan001
Durner,Brittany Conrad,BCDurner001
Blackburn,Mildred Mejia,MMBlackburn001
Baase,Janet Tammy,JTBaase001
Weiss,Carrie Lois Juanita Sharon,CLWeiss001
Cravens,Debora Noble,DNCravens001
Tsai,Amada Susan,ASTsai001
Walvatne,Celina Esther,CEWalvatne001
Hartman,Mary Sandra,MSHartman001
Wilson,Alyssa,AWilson001
Obrien,Mary Courtney,MCObrien001
Sato,Ana Liz,ALSato001
Joseph,Karen Kathleen,KKJoseph001
Kernan,Alyson Lois,ALKernan001
Plouffe,Jacqueline Sharon,JSPlouffe001
Lee,Melissa Roehm,MRLee001
Mcclinton,Crystal Patricia,CPMcclinton001
Harwood,Anna Lehman,ALHarwood001
Reardon,Dorothy,DReardon001
Bieck,Jennifer,JBieck001
Eddy,Karen James,KJEddy001
Pesce,Sandra Andrea,SAPesce001
Stuckey,Alana,AStuckey001
Hallman,Erica Penny,EPHallman001
Caserta,Jessica Monica,JMCaserta001
Anderson,Lisa Ella,LEAnderson001
Collins,Christine,CCollins001
Schmelz,Pamela Judy,PJSchmelz001
Jaspan,Roberta Nora,RNJaspan001
Decant,Johnnie Rebeca,JRDecant001
Clark,Georgina,GClark001
Shaffer,Pauline Brittany,PBShaffer001
Miller,Pat,PMiller001
Briggs,Joyce Claudio,JCBriggs001
Lundstedt,Jeanne Erica,JELundstedt001
Bryd,Kathleen Mary,KMBryd001
Solomon,Amanda Mary,AMSolomon001
Minton,Cynthia Love,CLMinton001
Cohen,Pat Wanda,PWCohen001
Khamvongsa,Audrey,AKhamvongsa001
Zezula,Amanda Nicole,ANZezula001
Piasecki,Debra Lydia,DLPiasecki001
Martinez,Deanna,DMartinez001
Mcgreevy,Phyllis Linda,PLMcgreevy001
Peterson,Jenna Micha,JMPeterson001
Vester,Myrtle,MVester001
Bennett,Eunice,EBennett001
Langan,Kassandra Garcia,KGLangan001
Clubb,Ruth Ethel,REClubb001
Jenkins,Miranda,MJenkins001
Griffin,Jackie Margaret,JMGriffin001
Packard,Beverly Gail,BGPackard001
Main,Leslie Lillian,LLMain001
Morgan,Carol Helen,CHMorgan001
Mitchell,Maude,MMitchell001
Yore,Rina Elizabeth,REYore001
Tilly,Mary Carol,MCTilly001
Rolli,Patricia,PRolli001
Wilson,Catherine Sylvia,CSWilson001
Blight,Eva Cynthia,ECBlight001
Towne,Patricia,PTowne001
White,Lori,LWhite001
Lopez,Alice,ALopez001
Yong,Juanita Georgantas,JGYong001
Kuck,Kay,KKuck001
Devers,Penny Moore,PMDevers001
Guia,Jacquelyn Martha Jennifer Pamela,JMGuia001
Nguyen,Sophia Fisher,SFNguyen001
Morrison,Lori Sterling,LSMorrison001
Agosto,Mona Noreen,MNAgosto001
Manno,Carla Kelly,CKManno001
Williams,Kathryn,KWilliams001
Dame,Cathy Nicole,CNDame001
Muniz,Mary Winslett,MWMuniz001
Woolum,Lillian Bridget Doris Maria,LBWoolum001
Delgado,Elaine Whiteaker,EWDelgado001
Collins,Sandra Jessia,SJCollins001
Jackson,Catherine Maria,CMJackson001
Lopez,Lula Khanna,LKLopez001
Welch,Karen Paula,KPWelch001
Clayton,Corinne Beatriz,CBClayton001
Thomason,Kristen Amber,KAThomason001
Kidwell,Christine Jennifer,CJKidwell001
Dyson,Pauline Hartwig,PHDyson001
Perez,Mary,MPerez001
Green,Lucia Edwards,LEGreen001
Ramsaroop,Mildred Murphy,MMRamsaroop001
Medina,Ivy Judy,IJMedina001
Clark,Helen Ott,HOClark001
Maldonado,Cathy Johnson,CJMaldonado001
Bowman,Juanita Karen,JKBowman001
Borge,Grace Lane,GLBorge001
Flatt,Annette Alex,AAFlatt001
Boyd,Amanda Ann,AABoyd001
Robins,Marian Nancy,MNRobins001
Deal,Sumiko Alison,SADeal001
Sanders,Hannah Tabitha,HTSanders001
Richardson,Rose Ruth,RRRichardson001
Westberry,Savannah Meagan,SMWestberry001
Sobers,Sharon Kimberly,SKSobers001
Delatte,Lakeisha Jane,LJDelatte001
Hurt,Marie,MHurt001
James,Suzanne Portman,SPJames001
Phillips,Brenda Carmen,BCPhillips001
Ramsey,Dianne Lutz,DLRamsey001
Lowery,Phyllis Amy,PALowery001
English,Lisa Walser,LWEnglish001
Nguyen,Lottie Joy,LJNguyen001
Goodwin,Deborah Angie,DAGoodwin001
Chabot,Louisa Lisa,LLChabot001
Stichler,Josephine Kimberly,JKStichler001
Whitacre,Bertie Blank,BBWhitacre001
Calderon,Lucy,LCalderon001
Wheeler,Sarah Erin,SEWheeler001
Phelps,Lisa,LPhelps001
Kung,Phyllis Michelle,PMKung001
Gallo,Mary Short,MSGallo001
Mueller,Melissa Yvette,MYMueller001
Sawyer,Jaime Constance,JCSawyer001
Thomas,Maria,MThomas001
Smith,Annie Mendoza,AMSmith001
Ramirez,Thelma Rosie,TRRamirez001
Evans,Kathy Robin,KREvans001
Parsons,Tammi Pivovar,TPParsons001
Dishman,Suzanne Kathryn,SKDishman001
Ward,Kathy Lorene,KLWard001
Hoh,Angie Pauline Arlene,APHoh001
Lopez,Evelyn Kathern,EKLopez001
Williams,Vera Mary,VMWilliams001
Monohan,Dorothy Lynette,DLMonohan001
Loder,Sandra Megan,SMLoder001
Lee,Martha Susan,MSLee001
Slaven,Claire Carla,CCSlaven001
Borunda,Lori,LBorunda001
Coffman,Barbara,BCoffman001
Obi,Sheron Jamie,SJObi001
Schroeder,Georgie,GSchroeder001
Hall,Donna Awilda,DAHall001
South,Hoa Anna,HASouth001
Kneisel,Valerie Vivian,VVKneisel001
Easter,Rosa Stacey,RSEaster001
Splitt,Sherry,SSplitt001
Hughes,Nancy Dorothy,NDHughes001
Trinque,Rebecca Jewell,RJTrinque001
Jackson,Tressie Gloria,TGJackson001
Smith,Lindsey Myra,LMSmith001
Rabe,Jennifer,JRabe001
Gibbs,Rosetta,RGibbs001
Villavicencio,Stephanie Jennifer,SJVillavicencio001
Boyle,Sarah,SBoyle001
Durham,Martha Brenda,MBDurham001
Wunderlich,Geraldine Sandy,GSWunderlich001
Varela,Florence Amy,FAVarela001
Gaines,Alice Lela,ALGaines001
Gay,Faustina,FGay001
Kimball,Joan Dorty,JDKimball001
Strickland,Leah Pamela,LPStrickland001
Solis,Brenda Carson,BCSolis001
Perez,Karen Roberta,KRPerez001
Hankinson,Mavis Misty,MMHankinson001
Reeves,Karen Margie,KMReeves001
Edler,Josefina Barnet,JBEdler001
Smith,Erma Rebecca,ERSmith001
Vaughn,Gloria,GVaughn001
Stockwell,Stella,SStockwell001
Jones,Virginia Fletcher,VFJones001
Samples,Cheryl Jasmine,CJSamples001
Soohoo,Edna Marian,EMSoohoo001
Smith,Marie Pettas,MPSmith001
Maultsby,Florence Deborah,FDMaultsby001
Walker,Sharon,SWalker001
Lewis,Ann Marilynn,AMLewis001
Narron,Eve,ENarron001
Ward,Shirley,SWard001
